[
    {
      "id": "12345",
      "className": "Guitar Basics",
      "numberOfStudents": 12,
      "instructorName": "Ibrahim Ahmed Kamal",
      "availableSeats": 8,
      "price": "150",
      "imageUrl": "https://i.ibb.co/yBQM0Xn/guitar.jpg"
    },
    {
      "id": "67890",
      "className": "Piano Masterclass",
      "numberOfStudents": 10,
      "instructorName": "Shishir Ahmed",
      "availableSeats": 5,
      "price": "200",
      "imageUrl": "https://i.ibb.co/k1hmKxw/piano.jpg"
    },
    {
      "id": "23456",
      "className": "Drums 101",
      "numberOfStudents": 17,
      "instructorName": "Avoid Rafa",
      "availableSeats": 3,
      "price": "180",
      "imageUrl": "https://i.ibb.co/9pjj1Y4/drums.jpg"
    },
    {
      "id": "78901",
      "className": "Vocal Training",
      "numberOfStudents": 9,
      "instructorName": "Avoid Rafa",
      "availableSeats": 10,
      "price": "160",
      "imageUrl": "https://i.ibb.co/LzFbqdg/vocal.jpg"
    },
    {
      "id": "34567",
      "className": "Music Theory Fundamentals",
      "numberOfStudents": 20,
      "instructorName": "Probar Ripon",
      "availableSeats": 12,
      "price": "120",
      "imageUrl": "https://i.ibb.co/6rSxdK6/music.jpg"
    },
    {
      "id": "89012",
      "className": "Songwriting Workshop",
      "numberOfStudents": 6,
      "instructorName": "Probar Ripon",
      "availableSeats": 2,
      "price": "250",
      "imageUrl": "https://i.ibb.co/0jjGRHF/song.jpg"
    },
    {
      "id": "45678",
      "className": "Keyboard Essentials",
      "numberOfStudents": 10,
      "instructorName": "Shishir",
      "availableSeats": 6,
      "price": "190",
      "imageUrl": "https://i.ibb.co/RQw5KGP/keyboard.jpg"
    },
    {
      "id": "90123",
      "className": "Bass Guitar Techniques",
      "numberOfStudents": 18,
      "instructorName": "BassBaba Shumon",
      "availableSeats": 4,
      "price": "175",
      "imageUrl": "https://i.ibb.co/RTBq7Pr/bass.jpg"
    },
    {
      "id": "56789",
      "className": "Singing Ensemble",
      "numberOfStudents": 12,
      "instructorName": "Pritom Hasan",
      "availableSeats": 7,
      "price": "140",
      "imageUrl": "https://i.ibb.co/0ZHM66L/singing.jpg"
    },
    {
      "id": "23451",
      "className": "DJ Mixing Course",
      "numberOfStudents": 13,
      "instructorName": "Pritom Hasan",
      "availableSeats": 5,
      "price": "220",
      "imageUrl": "https://i.ibb.co/m9pFh5Q/dj.jpg"
    }
]
